{"1021202845": {"p": 0.9155866900175131, "r": 0.7756676557863501, "f": 0.8398393574297188, "acc": 0.9588194236713531, "features": ["longer"]}}