{"1022193825": {"p": 0.8937422552664188, "r": 0.8507814803892657, "f": 0.8717328901646775, "acc": 0.9717777998608764, "features": ["longer", "pos", "capital"]}}