{"1021195310": {"p": 0.9058394160583941, "r": 0.7746566791510612, "f": 0.835127860026918, "acc": 0.9608066030741857, "features": ["longer"]}}