{"1021200241": {"p": 0.8739157372986369, "r": 0.7728767123287671, "f": 0.8202965978482116, "acc": 0.956307571055613, "features": ["pos"]}}