{"1021195927": {"p": 0.8796875, "r": 0.8047455688965123, "f": 0.8405494177366376, "acc": 0.963486569492517, "features": ["capital"]}}