{"1021200851": {"p": 0.9335719968178202, "r": 0.6744252873563218, "f": 0.7831164497831163, "acc": 0.9423757123206917, "features": ["longer", "length"]}}