{"1021201658": {"p": 0.8974442988204456, "r": 0.7983095307490528, "f": 0.8449791763072653, "acc": 0.9630877471139078, "features": ["longer", "pos"]}}