{"1021201257": {"p": 0.9214888958398498, "r": 0.8485023041474654, "f": 0.8834907782276202, "acc": 0.9716305094728576, "features": ["longer", "capital"]}}