{"1021195610": {"p": 0.9057845514374784, "r": 0.7695703354914656, "f": 0.8321400159108989, "acc": 0.9579403903373847, "features": ["length"]}}